release_year,id,app_name
2017,381620,Life of Rome
2017,759920,Souland
2017,753110,Chronicles of Vinland
2014,280720,Imagine Earth
2013,249630,Delver
2013,244930,SNOW
2013,108600,Project Zomboid
2013,252770,Vox
2013,248630,Kingdoms Rise
2013,252250,Maia
2014,266370,Calibre 10 Racing
2014,282880,FaeVerse Alchemy
2014,227780,Serious Sam Classics: Revolution
2014,296750,The Final Stand
2014,282740,Organic Panic
2014,285110,GearCity
2014,242760,The Forest
2014,263040,Bot Colony
2014,307090,Fancy Skulls
2014,298280,XenoRaptor
2016,302590,Of Guards And Thieves
2014,291370,Undead Overlord
2014,266470,Dark Horizons: Mechanized Corps
2014,314230,Rodina
2014,308080,Altitude0: Lower & Faster
2014,276870,Dwelvers
2014,321310,Zen Fish SIM
2014,330520,Tail Drift
2014,299740,Miscreated
2014,315540,The Joylancer: Legendary Motor Knight
2014,330460,Celestial Command
2014,332570,Amazing Frog?
2014,326160,Shroud of the Avatar: Forsaken Virtues
2014,282960,Atajrubah
2016,327960,Journey of the King
2014,293480,FRONTIERS
2014,338030,Mission Control: NanoMech
2014,302830,BLOCKADE 3D
2015,340570,WolfWars
2014,328740,Bit Odyssey
2015,313120,Stranded Deep
2015,339240,10 Years After
2015,347560,Terra Incognita ~ Chapter One: The Descendant
2015,324360,TOTM
2015,347940,Forsaken Isle
2015,349450,Dark Forester
2015,329890,MyRPG Master
2015,345710,Damned Nation Reborn
2015,344220,Janky Tanks
2015,315840,Catacomb Kids
2015,342560,Airships: Conquer the Skies
2015,346800,Damnation City of Death
2015,351170,Pixel: ru²
2015,293760,Automation - The Car Company Tycoon Game
2015,339530,Factions: Origins of Malu
2015,355420,FLAMBERGE
2015,329970,KeeperRL
2017,357770,The District
2015,355840,Survarium
2015,340810,Deepworld
2015,365290,House of Nightmares B-Movie Edition
2015,341710,Crest - an indirect god sim
2015,366290,Carp Fishing Simulator
2015,293220,H-Hour: World's Elite
2015,362940,Courier of the Crypts
2015,366060,Teddy Terror
2015,346970,OBEY
2015,339560,Man Alive
2015,305510,Servo
2015,284160,BeamNG.drive
2015,375530,Football Tactics
2015,368720,Sirius Online
2015,356510,Soccer Rage
2015,253250,Stonehearth
2015,369190,Shoot 'Em Up Kit
2015,372740,Second Warfare
2015,373750,DinoSystem
2015,378370,Nomad
2015,366860,Spy Bugs
2015,375550,DungeonRift
2015,383010,JamG
2015,269770,Secrets of Grindea
2015,384900,Temporal Shift
2015,375870,SLIDE: platformer
2015,382480,Super Dungeon Run
2015,386600,Pixel Fodder
2015,362310,Dungeon League
2015,340960,Pulsen
2015,341010,Pluck
2015,317730,REVERSE SIDE
2015,377220,Deficis
2015,280010,Gunjitsu
2015,340530,Soccer Legends
2015,383120,Empyrion - Galactic Survival
2015,250540,C-Wars
2015,395150,Dark Storm: VR Missions
2015,395480,Mr Makeshifter
2015,386340,MegaSphere
2015,336440,Super Cane Magic ZERO
2015,315330,All Guns On Deck
2015,372340,SnarfQuest Tales
2015,402160,Star Command Galaxies
2015,324190,CodeSpells
2015,344820,Forsaken Fortress Strategy
2015,391520,Labyrinth Simulator
2015,392690,Erwin's Timewarp
2015,398250,Moonstrider
2015,386590,Novus Inceptio
2015,309900,Super Sky Arena
2015,263920,Zombie Grinder
2015,407700,Lonath Online
2015,391190,Dolguth
2015,330570,Noct
2015,404750,Carrotting Brain
2015,324470,SinaRun
2015,327000,Infinite Game Works Episode 1
2015,407620,Indie Game Battle
2015,408440,Dream Factory
2015,369270,Megatect
2015,341570,Throbax TD
2015,409490,Rogue Harvest
2015,414070,Shut Up And Dig
2015,397360,Magician's Apprentice
2015,266190,Astral Terra
2015,402970,Fringes of the Empire
2015,418110,March of War: FaceOff - XL
2015,405010,Bitardia
2015,416260,The Lost Island
2015,413490,Rothschild: The Sheep Will Wake
2015,381750,RC Simulation 2.0
2015,412860,Zombie Office Politics
2015,393420,Hurtworld
2016,418430,Survive Me Miolhr
2015,421110,AWAKE
2015,217120,Waves 2
2015,413740,Mines of Mars
2015,427950,The Withering
2015,414770,Bionite: Origins
2016,422940,Divergence: Online
2016,374170,Sniper Tactical
2016,383020,a Family of Grave Diggers
2016,429050,Feed and Grow: Fish
2016,349150,Dead TrailZ
2016,358080,No Turning Back: The Pixel Art Action-Adventure Roguelike
2016,387990,Scrap Mechanic
2016,435230,Medieval Playground
2016,409340,Perraw - FPS Clone War Alpha
2016,438440,Star Rogue
2016,389050,Pocket Rumble
2016,428180,Islet Online
2016,422420,Godus Wars
2016,346610,Racecraft
2016,440770,Drawn Story
2016,429020,LONE WOLF: Horizon
2016,339440,Critical Annihilation
2016,393390,Cat Simulator
2016,415860,Tactical Craft Online
2016,436510,Worlds of Chaos: Invasion
2016,439740,Eclipsed
2016,433850,H1Z1
2016,434530,Flobe
2016,336210,Just Death
2016,373410,The Kindred
2016,412130,Era of Majesty
2016,433960,Shadow Of Nebula
2016,412310,Labyrinth
2016,444460,Love is Blind: Mutants
2016,397100,MachineCraft
2016,424850,Galactineers
2016,393820,At the Mountains of Madness
2016,440720,Pandora`s room
2016,448570,Origin Of Destiny: Crimson Awakening
2016,420550,Super Arcade Football
2016,458030,StarFringe: Adversus
2016,394010,The Contact
2016,436410,Beyond The Destiny
2016,455980,Judgment: Apocalypse Survival Simulation
2016,377140,Hide & Hold Out - H2o
2016,405530,Veer
2016,432720,Welkin Road
2016,461400,Massive
2016,432480,Grenade Madness
2016,300260,Planetoid Pioneers
2016,446020,Jalopy
2016,379210,Wayward
2016,458830,Snooker Nation Championship
2016,463240,Magma Chamber
2016,329280,Avalon Lords: Dawn Rises
2016,454560,Ultimate Fight Manager 2016
2016,340680,Bunny Bash
2016,465000,Event Horizon
2016,465020,Sector Six
2016,396700,Hover Cubes: Arena
2016,321400,Supraball
2016,453090,Parkitect
2016,444670,SUPER IMPOSSIBLE ROAD
2016,388830,TribeQuest: Red Killer
2016,436470,Gamma Bros 1.5
2016,454260,The HinterLands
2016,391550,Beyond Flesh and Blood
2016,385380,Planet Centauri
2016,432030,Swanky Paint
2016,463870,Deathwave
2016,450240,Bullet Force
2016,458330,Vilmonic
2016,455990,Smash Pixel Racing
2016,491760,Screeps CPU Subscription
2016,437340,Toys of War
2016,497270,MIGHT
2016,461720,Tank Blast
2016,444620,SpellKnights
2016,393930,RoShamBo
2016,493280,WALLSLIDE
2016,294100,RimWorld
2016,498700,The Ember Saga: A New Fire
2016,475960,Bombslinger
2016,346330,BrainBread 2
2016,501740,Dropship Down
2016,467900,SWORDY
2016,431360,The Legend: A University Story
2016,496510,M.EXE
2016,499230,SurvHive
2016,492340,Pixel Cup Soccer 17
2016,328510,Monsters and Monocles
2016,514410,Gun Brothers
2016,462930,AdVenture Communist
2016,513880,Panzer Warfare
2016,503180,miniLAW: Ministry of Law
2016,462100,Starr Mazer: DSP
2016,523080,Footbrawl Playground
2016,504620,"Grid Legion, Storm"
2016,518030,Aim Hero
2016,508790,Flat Heroes
2016,444090,Paladins®
2016,516530,Chaos Of Hearts
2016,483850,Guns N' Boxes
2016,527790,Cranium Conundrum
2016,514400,Legends of Time
2016,525610,Hardware Engineering
2016,463540,StreetCraft
2016,503700,Fall of Freya (Alpha 1)
2016,514200,Mythic Victory Arena
2016,477140,SparkDimension
2016,513590,So Many Cubes
2016,496440,The Challenge
2016,423730,Hyper Gods
2016,397150,Stellar Overload
2016,498340,Shards of Azuria
2016,538100,Feel The Snow
2016,457330,High Octane Drift
2016,429480,Vision Runner
2016,374280,Hired Ops
2016,486660,Super Mixtape
2016,541760,The Frontier
2016,440660,Void Vikings
2016,519080,Soda Girls
2016,453690,Dark Quest 2
2016,546870,Merchants & Mercenaries
2016,469820,Genital Jousting
2016,488440,Angeldust
2016,454580,Spider Wars
2016,531640,Eternal Card Game
2016,438770,Street Posse Showdown
2016,546980,Midnight Carnival
2016,544290,Tyto Online
2016,512170,the research facility NO.507
2016,562430,Alien Hostage
2016,440450,Escape: Sierra Leone
2016,529020,Virtual-O
2016,459880,PlayFortress
2016,555850,Galactic Landing
2016,563490,Earth Liberation
2016,538990,SugarMill
2016,535240,Landmine Larry
2016,570500,Child Phobia: Nightcoming Fears
2016,558100,Art of War: Red Tides
2017,563410,Necroball
2017,572220,MageQuit
2017,576480,Drunken Fight Simulator
2017,552880,STARDROP
2017,404070,Lords of New York
2017,513310,Aviators
2017,535350,Elderine: Dreams to Destiny
2017,530080,Super Toaster X: Learn Japanese RPG
2017,508520,MiniBotz
2017,547680,Guild Quest
2017,553740,Echo Lake
2017,505060,Warcube
2017,545840,Convicted Galaxy
2017,568190,OBCIDIAN LEGACY
2017,570980,Tale of Fallen Dragons
2017,568580,GunFleet
2017,552690,Fantasy Fairways
2017,464950,Sumer
2017,571740,Golf It!
2017,586170,Mad Dojo
2017,466560,Northgard
2017,503430,N0-EXIT
2017,332650,The Exiled
2017,465200,Badass Hero
2017,420290,Blackwake
2017,592260,Dungeon Painter Studio
2017,527230,For The King
2017,567320,VThree
2017,391140,Blast-off
2017,432420,Ludoria
2017,503240,Hurricane
2017,466860,City of God I - Prison Empire
2017,598330,SimAirport
2017,548650,Lightspeed Frontier
2017,471400,Space Jammers
2017,493480,ERISLE
2017,602830,Hexaball
2017,583240,Coffence
2017,601500,Lost in Nature
2017,602920,Sketch! Run!
2017,404200,WARTILE
2017,583000,Fly Away
2017,508410,SKIPCHASER
2017,590600,LifeBase
2017,595360,NIGHTSTAR: Rogue Wings
2017,285380,On The Road
2017,577280,SCALPERS: Turtle & the Moonshine Gang
2017,597920,Survivalizm - The Animal Simulator
2017,599040,Win That War!
2017,619140,Station 21 - Space Station Simulator
2017,585190,A Gummy's Life
2017,615150,Twist of Destiny
2017,592780,Bang Bang Car
2017,607200,Tanki X
2017,263720,Brawlout
2017,556850,Handy Dice
2017,552920,Sailaway - The Sailing Simulator
2017,415590,Earthfall
2017,446030,Corroded
2017,618840,Samhain World
2017,369700,Tanzia
2017,591930,Genesia Legacy: Ultimate Domain
2017,550740,Battles of the Valiant Universe CCG
2017,622870,Pixel Shinobi Nine demons of Mamoru
2017,588650,Dead Cells
2017,563360,Market Tycoon
2017,527320,Defend the Highlands: World Tour
2017,530560,STEAM HAMMER
2017,623310,Arcfall
2017,590910,炎黄战纪之三国烽烟
2017,457140,Oxygen Not Included
2017,581710,Stickmageddon
2017,623900,Table Football Pro
2017,530860,The Wanderer
2017,622810,Invasion
2017,425260,Soul Harvest
2017,635000,Edge of Hearts
2017,602080,Solaroids: Prologue
2017,618640,The Crowded Party Game Collection
2018,597230,Shotgun Legend
2017,400570,WarpBall
2017,598700,The Vagrant
2017,522130,LandTraveller
2017,499660,Medieval Kingdom Wars
2017,611960,Pilam Sky
2017,647410,Goodbye My King
2017,339720,Debugger 3.16: Hack'n'Run
2017,652050,The Labyrinth
2017,614550,Golden Panic
2017,581740,HUNGER
2017,523660,HYPERCHARGE: Unboxed
2017,644610,Drums Hero PC
2017,456090,ZOMBIE TOWN AHHH
2017,611770,Void Source
2017,644150,Smogland
2017,659540,Warsim: The Realm of Aslona
2018,666140,My Time At Portia
2017,652560,Beached
2017,656200,ESports Club
2017,428610,Longsword - Tabletop Tactics
2017,615020,King of the World
2017,622040,Zooicide
2017,397760,Urban War Defense
2017,337290,Still Not Dead
2017,510360,Recession
2017,666310,Space of Darkness
2017,458660,The Slimeking's Tower
2017,628770,Tangledeep
2017,672220,Unlimited
2017,665630,Marble Masters: The Pit
2017,670440,Obscure - Challenge Your Mind™
2017,553660,PWND
2017,667520,Flight Unlimited 2K18
2017,665780,Juke
2017,525460,Sullen: Light is Your Friend
2017,469830,Fable Fortune
2017,682170,Witchkin
2017,487120,Citadel: Forged with Fire
2017,576120,Purgatory II
2017,595430,Sky Knights
2017,623380,Cybermotion
2017,621070,Legends of Ellaria
2017,610670,Alchemyland
2017,587450,Saurian
2017,674590,WakeUp!
2017,686870,Lost Items
2017,666730,This Merchant Life
2017,391400,Game of Dragons
2017,662910,Cash Crop
2017,681670,Elly The Jelly
2017,657560,Dodgeball
2017,672300,Air Traffic Disruptor
2017,676540,Mercfighter
2017,680500,ShadowCalls 暗影召唤
2017,684930,Fantasy ERA
2017,504300,Gangs of Space
2017,668830,Raid On Coasts
2017,683160,The Exorcist
2017,658490,Drive Isle
2017,675130,AEGYPTUS
2017,676070,an Orc's Tale: Kriegsruf
2017,573490,Interstellar Transport Company
2017,682820,Metronix Lab
2017,685910,Battlefleet Engineer
2017,658420,Agents of Aggro City Online
2017,623880,World of Speed
2017,684040,Logos
2017,338290,Molecats
2017,479200,Champions of Odin
2017,439370,Midair
2017,622670,Huusuienbu - Chapter Spring and Summer
2017,696370,BROKE PROTOCOL: Online City RPG
2017,658250,Xtrike
2017,661030,Aliens&Asteroids
2017,680860,Evil Labs
2017,515010,A Duel Hand Disaster: Trackher
2017,618200,Skylands
2017,596970,SUNLESS SKIES
2017,654740,STICK ENGINE
2017,694670,Charpi
2017,673750,Super Bunny Man
2017,536660,JCB Pioneer: Mars
2018,687630,Epic Cards Battle 2-Dragons Rising(TCG)
2017,625000,Knightfall
2017,697940,Press and Jump
2017,673190,All-Star Fruit Racing
2017,673620,Slizer Battle Management System
2017,705390,Aya's Journey
2017,668230,SLI-FI: 2D Planet Platformer
2017,468330,HIVE: Altenum Wars
2017,700400,Planet Bash
2017,656490,Automobile Tycoon
2017,648430,Hand of the Gods
2017,517720,Epic Tavern
2017,683770,Rover Builder
2017,575060,Nemo_D.O
2017,655340,Daath Origins™
2017,707400,Attack Of Insects
2017,700780,DEVIL GUNS - DEMON BULLET HELL ARENA
2017,689040,Scuttlers
2018,695810,HORDE ATTACK
2017,713550,Hikaru's Cube
2017,619430,World of Castles
2017,693020,Space Commander 9
2017,665670,Enlysia
2017,697680,Marblesared
2017,682630,Box Maze 2 : Agent Cubert
2017,252390,DwarfCorp
2017,685800,Tough Story: Big Hell
2017,642390,Blocksworld
2017,622470,Road Dogs
2017,657240,Tracks - The Train Set Game
2017,673610,Airport CEO
2017,697490,Space Wrangler
2017,625580,The Cleansing - Versus
2018,644000,INTERSTELLAR PRIME
2017,622610,Cult: Fear Inside
2017,681900,ionAXXIA
2017,346760,ProtoMasons
2017,686940,Captivus
2017,724170,Solar Lander
2017,619670,Huge Bang Bang
2018,604550,Reality Incognita
2017,714640,Abstractanoid
2017,713800,Infinite Gateway
2017,702180,Mafia is Alive
2017,713610,Qbike: Crypto Motorcycles
2017,654700,Unearthing Process
2017,656530,Pro Gamer Manager 2
2017,710250,Pet Squad Racing
2018,709280,Island Build Masters
2017,595960,Pinball Wicked
2017,707220,The Base
2017,709820,Wasted Pizza
2017,679400,Relik
2017,513330,Party Hard Tycoon
2017,666820,Skirmish Line
2017,669700,PROJECT AZRIEL
2017,689270,Chessia
2017,610410,PAWARUMI
2017,725960,Ballistic Mini Golf
2017,676830,Xenomarine
2017,685420,Grace of Zordan
2017,712660,YBit
2017,707590,Defense Clicker
2017,619620,Cellz
2017,716380,The Chemist
2017,296790,ThunderWheels
2017,649900,Mini Guns
2017,717280,Critters - Cute Cubs in a Cruel World
2017,726820,Inner Mazes - Souls Guides
2017,734510,Worshippers
2017,727970,Cosmic Trail
2017,737930,Online Circle Pong
2017,556960,Lost Wing
2017,698640,Deep Sky Derelicts
2017,680250,The Mirage : Illusion of wish
2017,686200,Door Kickers: Action Squad
2017,744220,AI Dummy
2017,469600,Legion TD 2
2017,537000,Nelo
2017,726000,No King No Kingdom
2017,718070,AgeOfDarkness
2017,673220,Joumee The Hedgehog
2017,595770,AirMech Wastelands
2017,734870,"Houston, We Have Spinach!"
2017,681380,The Balloonist: Beyond the Clouds.
2017,697950,Tank Wars: Anniversary Edition
2017,685570,TurretMaster
2017,719970,Soccer Simulation
2017,704830,Esports Life: Ep.1 - Dreams of Glory
2017,733460,First Feudal
2017,760900,In the thrall of darkness: The gift of dreams
2017,760860,TRANSCEND
2018,754020,Galactic Harvester
2017,655780,Project 5: Sightseer
2017,566690,Meriwether: An American Epic
2017,741080,Pterodalien
2017,607460,Epic Snails
2017,718010,Robbie Swifthand and the Orb of Mysteries
2017,681000,NEVRDEAD
2017,690510,Black Survival
2017,298610,Ylands
2017,747330,The adventure of Kroos
2017,745890,This Is Not A Jumping Game
2017,755530,Factorybelts 2
2017,738610,Train Station Simulator
2017,713460,Train Frontier Classic
2017,512120,Nakiti Generations
2017,724470,Lazy Galaxy
2017,745930,Ancient Treasure 法爾斯編年史：上古秘寶
2018,602600,Visions of Zosimos
2017,714060,Alien Mayhem
2017,759700,PLAYERUNKN1WN: Friendly Fire
2017,694440,Man of Law | Judge simulator
2017,702360,Hunters Life
2017,347600,Total Miner
2017,688750,MineDrill Redux
2017,755570,Chinbu's Adventure
2017,762850,Cubit
2017,758790,Musical Reflex
2018,690200,Capsular
2017,742380,Spreadstorm
2018,529060,Space Simulator
2017,758990,Ancient Warfare 3
2017,763730,Ragtag Adventurers
2017,719180,Revulsion
2017,661050,Quadrablaze
2017,759030,WaywaY
2017,762460,Galaxy 3D Space Defender
2017,697010,Until None Remain: Battle Royale PC Edition
2017,656030,An Epic Tale of Redwall : The Scout
2017,725550,VS Round 1
2017,762900,Cars with Guns: It's About Time
2017,716950,Dino Scourge
2017,742460,Marble Skies
2017,528900,Multirotor Sim 2
2017,746090,Breath of Warfare
2017,704140,Edge Of Existence
2017,590580,Dragon of Legends
2017,377320,Hexters
2017,564050,Bud Spencer & Terence Hill - Slaps And Beans
2017,754230,Defense Warfare
2017,747730,Operation Red Dragon
2017,757900,Live And Learn
2017,741650,Holy Towers
2017,579560,Sky Trader
2017,706020,Fade to Silence
2017,728730,Holyday City: Reloaded
2017,566240,The Day After : Origins
2017,605230,Grey Hack
2017,678900,Farmer's Dynasty
2017,694480,DEFENDERS OF THE FALLEN ISLAND
2017,681860,Wild Buster: Heroes of Titan - MMO-ARPG
2017,595010,Violet Cycle
2017,606870,MetaMorph: Dungeon Creatures
2017,644930,They Are Billions
2017,699770,RideOp - Thrill Ride Simulator
2017,544550,Stationeers
2017,760930,Bitcoin Farm
2017,727180,大逃亡专家/Escape Expert
2017,746760,Outside
2017,712080,7 Bones and 7 Stones - The Ritual
2017,574070,Space Wars: Interstellar Empires
2017,763300,GAME TUBE ♛
2017,733440,Real RC Flight Simulator
2017,729390,Debris Infinity
2017,740170,Unexpected End
2017,752240,4X Space Time Shipyard
2017,575970,Golem Gates
2017,690040,SUPERHOT: MIND CONTROL DELETE
2017,666590,Jetball
2017,342310,RIOT - Civil Unrest
2017,752910,Cookies vs. Claus
2017,463530,Empires of the Undergrowth
2017,708890,BEATris
2017,717790,Hold Your Own
2017,723880,New World: The Tupis
2017,724070,Keyboard Engine
2017,744040,Street Heat
2017,747750,D.F.R.: The Light
2017,740080,Deadly Days
2017,732040,Corridor 15
2017,717240,Divide & Conquer
2017,718650,Driftland: The Magic Revival
2017,742700,Empire Deluxe Combined Edition
2017,734580,BattleRush
2017,733570,Loot Run
2017,744720,The Silence Outside
2017,719280,Bullseye
2017,688210,Deathlands
2017,699010,Unsettled
2017,719340,ReturnState
2017,656740,Cosmonator
2017,710610,Don't Sink
2017,728050,❂ Heroes of Hexaluga ❂
2017,517270,Pro Farm Manager
2017,661340,TYRED
2017,741260,Mobile Empire
2017,577000,Witchcraft
2017,685300,Portrait Wizard
2017,657280,Rytmik Studio
2017,585710,Blazing Beaks
2017,749200,Offensive Dimensions
2017,646570,Slay the Spire
2017,335620,Star Traders: Frontiers
2017,713450,Dungeon Rustlers
2017,730270,JunkerBot
2018,695970,Treadnauts
2017,701280,Askutron Quiz Show
2017,690350,Endless Combat
2017,705220,Tactical Monsters Rumble Arena
2017,215830,Closers
2017,738210,Galactic Orbital Death Sport
2017,720850,Blasteron
2017,566430,Ultimus bellum
2017,626550,Prodigy Tactics
2017,577970,Punch Planet
2017,740120,BATTLE RAP SIMULATOR
2017,738830,Atlas Tile Editor (ATE)
2017,657300,Party Crashers
2017,652140,Echo Nine
2017,663690,Rival Rampage
2017,731670,ERMO
2017,712120,Rhythmica
2017,656060,SkiFy
2017,361100,Slashers: The Power Battle
2017,603020,Usurper
2017,733710,YOUFIGHT
2017,699720,Timension
2017,703840,Animal Super Squad
2017,679100,Aequitas Orbis
2017,659530,Embers of War
2019,699570,The Legendary Player - Make Your Reputation - OPEN BETA
2017,690950,Skeleton Sprint
2017,734700,The Lost Gardens
2017,731600,Heckpoint
2017,719830,Desert Craft
2017,658440,Enshrouded World
2017,732980,Keyscaper
2017,738880,Pain of War
2017,706010,The Unseen
2017,710540,Driver Pro: 2017
2017,741320,The Song of Terminus  終焉的迴響:護界者之歌
2017,717330,Halloween Pumpkin Story
2017,617590,Affliction
2017,717020,Drosoph Hotel
2017,588120,Capsa
2017,695600,This Grand Life
2017,722670,Chinese Chess/ Elephant Game: 象棋/ 中国象棋/ 中國象棋
2017,636690,Sociable Soccer
2017,700570,Beyond the Void
2017,700270,Boratium Wars
2017,647530,Prime Arena
2017,726580,Game Machines: Arcade Casino
2017,661920,Claybook
2017,717540,De Mambo
2017,643970,Return to Planet X
2017,685450,Cobos
2017,410830,ARENA GODS®
2017,512160,Volleying
2017,722730,Cogmind
2017,704510,Mercury Fallen
2017,708120,Printer Forge 3D
2017,724510,The Quiet Sleep
2017,569720,TUNNEL DIVERS
2017,699470,Landon
2017,462940,Making History: The Second World War
2017,699100,Megaton: Total Destruction
2017,658630,Anonymous ME
2017,709140,A Dream For Aaron
2017,673730,Aurrery
2017,686680,Computer Tycoon
2017,699680,Monopolka
2017,718090,Princess.Loot.Pixel.Again x2
2017,668170,Incline
2017,722540,Banana Town
2017,698610,Through Blocks
2017,349510,Hanako: Honor & Blade
2017,713380,Mr. Barrel
2017,598960,Mashinky
2017,603330,Blasted Road Terror
2018,680360,Regions Of Ruin
2017,638000,Carried Away
2017,679270,Antaria Online
2017,689570,BattleCore Arena
2017,619230,VEmpire - The Kings of Darkness
2017,608630,PIXEL ZUMBI
2017,638060,Majestic Trials
2017,697370,LINX BATTLE ARENA
2017,680880,Flood: The Prequel
2017,402940,Dungeons of Betrayal
2017,693750,Galactic Crew
2017,707860,The Power Factory
2017,674250,Resurgence: Earth United
2017,696250,Lost Shipwreck
2017,654690,Bermuda - Lost Survival
2017,672010,CANARI
2017,641950,Last Stonelord
2017,616520,Cheap Golf
2017,690610,Crazy Dreamz: MagiCats Edition
2017,688370,Cyberoque
2017,311260,The Guild 3
2017,713830,Pivot Puzzles
2017,686090,Bloodlines of Prima
2017,589290,Holdfast: Nations At War
2017,702080,My Factory 我的工厂
2017,669320,Nation War:Chronicles
2017,693830,Containment Corps
2017,391530,Blast Out
2017,454770,Mystic Melee
2017,693280,Zombies Berserk
2017,701080,Supersonic Tank Cats
2017,680190,Interstellar Invaders
2017,446150,GUNS UP!
2017,301840,City of Brass
2017,601120,Brain Machine
2017,696650,BLACK DAY
2017,691390,Alchemage
2017,670490,Rise of Man
2017,643810,Fugl
2017,552110,Puzzle Pirates: Dark Seas
2017,643830,Botlike - a robot's rampage
2017,390560,Fantasy Strike
2017,498630,Red Planet: Survive
2017,680440,Wallpaper Transformer
2017,699370,The market trader
2017,666040,Underdone
2017,684340,The Nightmare from Beyond
2017,689520,Fallalypse
2017,691730,FPV Drone Simulator
2017,678450,Full-On Paintball
2017,694520,His Chuunibyou Cannot Be Cured!
2017,699820,Mustdashe
2017,672630,Academia : School Simulator
2017,692500,PianoBoard Server
2017,689120,Scuffle Scoundrels
2017,592890,Insidia
2017,627690,Idle Champions of the Forgotten Realms
2017,688500,Rise of One
2001,251950,WWII Online
2017,681530,NOISZ
2017,601200,Pix
2017,693210,Grimtale Island
2017,684510,Orn the tiny forest sprite
2017,679220,HYPER DRIVE ⚠️ The Insane Gravity Race
2017,503010,Azulgar Star Commanders
2017,608110,Null Vector
2017,377060,On a Roll
2017,679390,Topdown Showdown
2017,577360,Luna and the Moonling
2017,683690,Supermarket Tycoon
2017,668610,Lords of War
2017,650810,Imperatum
2017,688360,Destiny of Blood / 血之命运
2017,684970,Rules of Destruction
2017,685200,Seconds to Square
2017,649360,昔:Yesterday
2017,591530,Hyper Universe
2017,662680,Beetle Uprising
2017,659000,Meta Star
2017,664750,Wrongworld
2017,657990,Crafting Dead
2017,681330,Helium Rain
2017,676550,Crash Test Billy
2017,604110,Heart. Papers. Border.
2017,621880,Phoenix Dynasty 2
2017,675160,Soldier Killer
2017,679070,Fapic
2017,667170,Undead Souls
2017,600250,Art of Guile
2017,606800,Startup Company
2017,504460,Team Racing League
2017,613370,Upside-Down Dimensions
2017,614630,Tiny Rails
2017,412210,Warfront Defenders: Westerplatte
2017,502020,Zumbi Blocks
2017,681150,Rainbow Duck
2017,614860,XAOC
2017,663100,Thrust & Shoot : Flight School
2017,673050,StarBallMadNess
2017,672360,ISEE
2017,674550,摸金侠
2017,487000,Quest Hunter
2017,656270,It`s Village
2017,650350,Machine World 2
2017,661690,Primal Lands
2017,550650,Black Squad
2017,664000,HammerHelm
2017,616250,Crystalline
2017,619340,Conjuntalia
2017,673480,Timbertales
2017,632300,Hobo: Tough Life
2017,414490,Crashnauts
2017,609410,Iron Tides
2017,654940,RXE
2017,667880,Dog Theatre
2017,529180,Dark and Light
2017,656110,Pixel Perfect
2017,562230,Space Tyrant
2017,569770,StarShip Constructor
2017,623320,Button Button
2017,601700,JETBROS
2017,617480,Tower of Time
2017,652030,Tessa's Ark
2017,656400,Attrition: Tactical Fronts
2017,483490,Circuitous ®
2017,449700,Ariel
2017,640210,Just One Line
2017,665040,Visual Novel Engine
2017,574760,Starship Theory
2017,616330,埋葬 DIG A BOO
2017,638850,Animallica
2017,624890,Adventure Craft
2017,616720,Live2DViewerEX
2017,612720,SAELIG
2017,611790,House Party
2017,667550,PION
2017,575850,Hartacon Tactics
2017,657180,The Adliberum Engine (ADLENGINE)
2017,628570,Trivia Night
2017,635880,Chicken Labyrinth Puzzles
2017,578690,Dog Duty
2017,644480,Outbreak: The New Nightmare
2017,639230,Rival Books of Aster
2017,366090,Colony Survival
2017,437610,SQUIDS FROM SPACE
2017,584890,Stayin' Alive
2017,611730,Galactic Feud
2017,558720,Tribal Siege
2017,651280,TinkerQuarry
2017,644370,Howard Phillips Lovecar
2017,642730,Virtual SlotCars
2017,630400,Explottens
2017,628710,Hell Warders
2017,639840,FIELD BREAKING
2017,622530,Stoire
2017,622230,Impulse: Space Combat
2017,543910,"World of DASM, DASM Spell Quest"
2017,608580,Empires
2017,622770,Hacktag
2017,620280,Freefall
2017,604240,Shotgun Farmers
2017,614950,Shootout on Cash Island
2017,559650,Witch It
2017,605100,Renzo Racer
2017,513190,Voidrunner
2017,577230,Three Kingdoms: The Last Warlord | 三国志:汉末霸业
2017,578800,Phantom
2017,342660,Brawlerz Nitro
2017,613970,Bravery: Rise of The Last Hero
2017,586920,Empyrean Frontier
2017,504050,Planet Nomads
2017,604490,Running Through Russia
2017,596280,You Are God
2017,591370,Production Line
2017,636480,Ravenfield
2017,389280,Flight Sim World
2017,534780,XGun-Weapon Evolution
2017,622540,The Frost
2017,462440,ROKH
2017,630900,Illwinter's Floorplan Generator
2017,602560,Forged Adventure
2017,557330,>//:System.Hack
2017,599990,SecondSpeed
2017,603610,AEGIS 2186
2017,395940,Scribbled Arena
2017,617030,Landless
2017,620580,Calico & Co.
2017,450860,Andarilho
2017,612610,Bombinator
2017,616640,B-12: Brantisky Mk. 12
2017,397850,Sonder. Episode ONE
2017,502720,Star Explorers
2017,394490,Buildanauts
2017,496290,Deep Dark Dungeon
2017,529240,"Creature Clicker - Capture, Train, Ascend!"
2017,598180,Arcane Mapper
2017,611800,Jidousha Shakai
2017,620670,The Cursed Revolver
2017,618270,Spiritlands
2017,541200,Get To The Orange Door
2017,416000,Fantasy Farming: Orange Season
2017,482440,ESSENCE
2017,527480,Life Beetle
2017,466220,Kingdom of Loot
2017,521330,Tuebor: I Will Defend
2017,308600,Geneshift
2017,579840,Bloody Trapland 2: Curiosity
2017,562500,Warstone TD
2017,572160,Golf for Workgroups
2017,617680,Drunk-Fu: Wasted Masters
2015,344040,Voxelized
2017,527960,Fractured State
2017,509530,Gods and Nemesis: of Ghosts from Dragons
2017,580510,Mr. Donovan
2017,498390,Remnants Of The Arcane
2017,529140,Ulama: Arena of the Gods
2017,560080,I may die!
2017,562800,HOUND
2017,600120,Life Forge ORPG
2017,581220,News Tycoon
2017,602180,Free Towns
2017,562730,MechDefender
2017,443890,BUCK: Saturday Morning Cartoon Apocalypse
2017,582890,Estranged: Act II
2017,492150,MyWorld - Action RPG Maker
2017,565490,Tier 1
2017,567080,Wizards and Warlords
2017,597170,Clone Drone in the Danger Zone
2017,486690,Pastelia Stories
2017,496520,Typing with Jester
2017,563390,Children of the Galaxy
2017,587920,Phantom Halls
2017,512900,Streets of Rogue
2017,338640,Subsiege
2017,556840,The Dome
2017,580820,Robot Soccer Challenge
2017,524250,Dad Quest
2017,598240,Stupid Raft Battle Simulator
2017,575810,４人打ちアクション麻雀 / ACTION MAHJONG
2017,520860,Impulse of War
2017,577380,Draw The Way
2017,584280,Airport Master
2017,388910,Sentinels
2017,501270,Robots In The Wild
2017,572520,Dropzone
2017,592490,Cat survival
2017,587390,LOR - League of Runners
2017,242610,Grappledrome
2017,416020,Heavy Gear Assault
2017,492410,Rogues Like Us
2017,576060,Faraway Islands
2017,526160,The Wild Eight
2017,307110,We Need To Go Deeper
2017,573370,Tyler: Model 005
2017,576390,365 Days
2017,576470,ANIMALITY
2017,568400,Depths of Limbo
2017,439340,Tavern Tycoon - Dragon's Hangover
2017,496820,Ruction: The Golden Tablet
2017,509980,BIGFOOT
2017,432890,Quote
2017,556120,Reptilians Must Die!
2017,440900,Conan Exiles
2017,572010,No Way Out
2017,426210,Tyran
2017,554570,Witanlore: Dreamtime
2017,445220,Avorion
2017,425450,GoatPunks
2017,551550,ASSASSINATION BOX
2017,555010,M.E.R.C.
2017,291860,Pit People®
2017,460210,Bearslayer
2017,305700,Infinite Scuba®
2017,576770,Low Magic Age
2017,555400,Collision Course
2017,437730,Roadclub: League Racing
2017,468540,Match More
2017,568670,Heroes of Dark Dungeon
2016,567620,The Strayed
2017,434300,Wormhole City
2016,512560,HoCWar
2016,558680,KYOTO TANOJI QUEST
2016,500420,SoulHunt
2016,398120,Advanced Gaming Platform::Epica
2016,557580,Ancient Guardian
2016,546610,Acro Storm
2017,564140,Juniper Theory
2016,542700,Power Overwhelming
2016,495740,Random Journey
2016,568220,Lobotomy Corporation | Monster Management Simulation
2016,518040,Volleyball Unbound - Pro Beach Volleyball
2016,361420,ASTRONEER
2016,391290,DeathCrank
2016,514920,Crash Wheels
2017,563570,Tyrfing Cycle
2017,453870,Quantum Chess
2018,556680,INTRUDER - WAR AREAS
2016,496540,Zone of Lacryma
2016,423890,Gods and Idols
2016,355490,Stratus: Battle For The Sky
2016,370060,Coffee Shop Tycoon
2016,489520,Minion Masters
2016,542910,Crumbled World
2016,446850,Mindball Play
2016,530130,Akuto: Mad World
2016,533120,VCB: Why City
2016,411520,State of Extinction
2016,532800,ComPet - Beast Battles
2016,507440,Island Simulator 2016
2016,556070,Turret Architect
2016,559340,Sunset Rangers
2016,302670,Call to Arms
2016,542210,Xemo® : Robot Simulation
2016,451060,Wincars Racer
2016,556300,Age of Farming
2016,550840,Fresh Body
2016,512460,Drunk On Nectar
2016,485790,JOLT: Super Robot Racer
2016,550170,RPG Fighter League
2016,545050,Badiya
2016,463250,One Tower
2016,539400,Son of a Witch
2016,552100,Brick Rigs
2016,413110,Hero's Song™
2016,437550,Melon Simulator™
2016,461430,EmergeNYC
2016,305720,Heroes of Issachar
2016,508710,Project Lounge
2016,467820,Zero G Arena
2016,521150,Another Brick in the Mall
2017,491440,Grim Dragons
2016,447980,Blast Brawl 2: Bloody Boogaloo
2016,535160,"Fire in the Goal ""轰个球"""
2016,511090,The Shape Of Heart
2016,410000,Chalo Chalo
2016,419710,Rogue Singularity
2016,505550,Stream Buddy
2016,429790,AdventureQuest 3D
2016,534740,Icity - a Flight Sim ... and a City Builder
2016,529100,Omni Link
2016,511430,CrossWorlds: Escape
2016,531180,AIRHEART - Tales of broken Wings
2016,445350,Atomic Space Command
2016,523030,Tank Universal 2
2016,509770,PostCollapse
2016,531530,Polygod
2016,467060,Dead Army - Radio Frequency
2016,389040,Project Genom
2016,431960,Wallpaper Engine
2016,433660,Blockpocalypse
2016,498000,Mushroom Crusher Extreme
2017,522300,Polywings
2016,252850,Streamline
2016,459830,Final Days
2016,393790,Rogue Operatives Hide and Seek
2016,513210,Rescue Bear Operation
2016,402710,Osiris: New Dawn
2016,466980,Can't Drive This
2016,465490,Stellar Tactics
2016,488550,Dream Car Builder
2016,369530,Void Destroyer 2
2018,355400,Diesel Guns
2016,513460,Agenda
2016,450760,GraveRun
2016,503370,Hospitalize
2016,467010,Fall of Civilization
2016,509190,Rollout
2016,520400,XMODULE
2016,338330,Super Treasure Arena
2016,487250,Spaera
2016,511790,Retro Football Boss
2016,528960,Blanco: The Color of Adventure
2016,444690,Outbreak: Pandemic Evolution
2016,523070,Black Forest
2016,491470,PRINCIPIA: Master of Science
2016,525350,Thick Air
2016,509020,Sceelix - Procedural Power
2016,503680,The Seeker
2016,504700,Blockships
2016,511110,DodgeBall Blitz
2016,363950,Windscape
2016,466770,Ghost Croquet
2016,516460,50 Years
2016,423780,Zero Gravity
2016,430440,Of Kings And Men
2016,517700,Custom Town
2016,513060,Wills and Wonders
2017,474880,Second Coming
2016,485900,Hardware Engineers
2016,426240,Caretaker Sacrifice
2016,511610,Adventure Of Thieves
2016,405670,Combat Core
2016,372750,Girl Amazon Survival
2016,509570,In Celebration of Violence
2016,349250,Copy Kitty
2016,330880,Redemption
2016,229560,Hacker Evolution IMMERSION
2016,474890,Uncrewed
2016,449960,Book of Demons
2016,502600,The Multidimensional Underwear Drawer
2016,417290,Ghost of a Tale
2016,500750,GI Racing 2.0
2016,467760,Trapper's Delight
2016,468070,90 Minute Fever - Football (Soccer) Manager MMO
2016,479020,Pirates of the Polygon Sea
2016,496500,Moon Colonization Project
2016,450700,The Spatials: Galactology
2016,461490,Kaboom Monsters
2016,438310,SCORE
2016,489400,The Last Look
2016,333340,Star Rangers™ XE
2016,463800,FreeHolder
2016,444330,Battleships at Dawn!
2016,416140,The Final Frontier: Space Simulator
2016,489100,MachRace
2016,490990,Aiball: Drunks
2016,455590,Skedaddle
2016,479180,Space Universe
2016,462400,Slide Ride Arcade
2016,470600,Video blogger Story
2016,481870,Mini Thief
2016,464690,Vroomist
2016,327070,Gloria Victis
2016,445550,Watson's Watch
2016,485310,Head Shot
2016,464470,BloodGate
2016,485440,Call Of The Mighty Warriors
2016,468130,Nebula
2016,473770,BallisticNG
2016,449330,Grid Masters
2016,389530,Garlock Online
2016,444830,Concrete and Steel
2016,374670,Ember Strike
2015,461210,Riding Out
2016,246820,Jeklynn Heights
2016,402450,Linkrealms
2016,366000,Rogue System
2016,442710,Fantasy Tales Online
2016,408900,Unfortunate Spacemen
2016,466110,Shaolin vs Wutang
2016,371380,Dr. Spacezoo
2016,397160,Aurora Dusk: Steam Age
2016,448300,Logic Missile
2016,384960,Vengeance
2016,463920,Initia: Elemental Arena
2016,292330,Starship Corporation
2016,351100,Niffelheim
2016,459910,30 IMPOSSIBLE LEVELS
2016,331210,"Bolt Riley, A Reggae Adventure"
2016,440280,Overpower
2016,444650,Endciv
2016,451600,CounterAttack
2015,439730,XO-Planets
2016,337950,The SKIES
2016,412450,The Black Death
2016,454150,Voxel Warfare Online
2016,429430,Tyrfing  Cycle |Vanilla|
2016,457010,StarsOne
2016,437890,AuroraRL
2016,394690,Tower Unite
2016,453030,The Fifth Expedition
2016,450020,DAMAGE CONTROL
2016,373470,A Wizard's Lizard: Soul Thief
2016,325430,Metaverse
2016,420930,CHKN
2016,448640,Elements II: Hearts of Light
2016,432250,Soviet City
2016,449000,Steno Arcade
2016,446120,Bunker Punks
2016,443700,The Inner Sea
2016,351630,Fire With Fire Tower Attack and Defense
2016,450850,Cube Land Arena
2016,370770,Holodrive
2016,424370,Wolcen: Lords of Mayhem
2016,398890,Zombie Gotchi
2016,436480,Soup: the Game
2016,427970,Heathen Engineering's Terran
2016,431450,Alchemist's Awakening
2016,406690,Roses and Gems
2016,341270,Samphi
2016,420900,Mech Anarchy
2016,333100,Demesne
2016,296810,Jump Tanks
2016,442210,Switchcars
2016,439950,Frontier
2016,425870,Gyrodisc Super League
2016,448230,AsteroidsHD
2016,448150,Mystica: The Ninth Society
2016,416240,Space Impossible
2016,442220,Iron Madness
2016,411600,The Sentient
2016,386650,Dungeons and Robots
2016,427520,Factorio
2016,438000,PIXELMAN
2016,409580,No1Left
2016,435050,Glory Kingdom
2016,392080,Wayward Terran Frontier: Zero Falls
2016,432410,The Sacred Stone: A Story Adventure
2016,431240,Golf With Your Friends
2016,418620,The TakeOver
2016,425230,Sword 'N' Board
2016,438160,LILT
2016,311310,Naval Action
2016,431770,Rivalry
2016,387130,"Zombie Hunter, Inc."
2016,368860,Garbage Day
2016,415080,Cyber Team Manager
2016,432170,Silver Knight
2016,432500,Evertown
2015,368980,Force of Elements
2015,378390,Production Inc.
2016,431470,Inside The Code
2015,416670,Gunslingers
2015,426930,Moonshot
2015,361250,Strange Space
2015,426590,Blood of Magic
2015,422300,Element
2015,393380,Squad
2015,412470,Metal War Online: Retribution
2015,422210,Rise of Keepers
2015,424310,Blessed Ones: The Magic Wolves
2015,376210,The Isle
2015,369460,Professor Why™: The Quantum Eye
2015,405980,Legend of Dungeon: Masters
2015,420880,I must kill...: Fresh Meat
2015,404550,Dead Acres
2015,342530,Heroes Never Lose: Professor Puzzler's Perplexing Ploy
2015,418910,Idle Civilization
2018,412250,Empires Of Creation
2015,416160,Heresy
2015,329040,Dungeon Kingdom: Sign of the Moon
2016,418000,Demented
2015,416390,Magnetron
2015,410340,Liftoff
2015,414080,Life is Hard
2015,342540,Terminal Hacker - Into the Deep
2015,360620,Spellsworn
2015,381290,Dragon Rider
2015,393170,Bit Shifter
2015,413510,The Extinction
2015,350800,Cannibal
2015,325300,BEARZERKERS
2015,409590,KINGDOMS
2015,397020,Ironkraft - Road to Hell
2015,305840,Shallow Space
2015,408990,Timber and Stone
2015,288000,Oncoming Death Steam Edition
2015,367820,Decromancer
2015,337320,Paint the Town Red
2018,302810,Divinia Chronicles: Relics of Gan-Ti
2015,406400,Axes and Arrows
2015,367270,Angels Fall First
2015,300760,Epsilon
2015,344890,ARM PLANETARY PROSPECTORS Asteroid Resource Mining
2015,339910,Uncraft World
2015,385890,Golden Rush
2018,406090,Lost Moon
2015,384090,Sketch Tales
2015,377250,Subaeria
2015,345690,Crash Dummy
2015,397830,Zxill: A Legend of Time
2015,376150,Industry Transporters
2015,346300,Containment Protocol
2015,347660,Caromble!
2015,355500,Leadwerks Game Launcher
2015,391460,WARMODE
2015,369080,Age of Survival
2015,378280,Pump-Action Captain
2015,373120,Bernie Needs Love
2015,336220,ORBITOR
2015,385680,Galactic Conquerors
2015,384920,ABD: A Beautiful Day
2015,348810,M4 Tank Brigade
2015,372800,RPG MO
2015,321390,Zone 22
2015,355190,Geocore
2015,375480,Chronicon
2017,299580,Abducted
2015,378530,Nature's Zombie Apocalypse
2015,381800,DRIFT 84
2015,385270,Jet Racing Extreme
2015,378480,Badland Bandits
2015,333640,Caves of Qud
2015,350150,Scraps: Modular Vehicle Combat
2015,372380,Warriors & Castles
2015,378590,Forest Warrior
2015,364670,Skyflower
2015,363360,Interstellar Rift
2015,378850,Galagan's Island: Reprymian Rising
2015,372820,Shot In The Dark
2015,369560,The Story Goes On
2015,327090,Out of Reach
2015,370750,Dungeoncraft
2015,375510,New kind of adventure
2015,268970,You Are Not The Hero
2015,341660,Barren Roads
2015,367240,Avenging Angel
2015,372970,Cash_Out
2015,330580,Shark Attack Deathmatch 2
2015,346150,Martial Law
2015,349280,Panda School Browser
2015,368340,CrossCode
2015,367030,Lootfest
2015,361330,Shrooms
2015,323670,Super Indie Karts
2015,362890,Black Mesa
2015,362620,Software Inc.
2015,362490,Exanima
2015,357320,Break_In
2015,349190,Soul Locus
2015,340150,Basement
2015,328710,One Last Day
2015,351290,Survival: Postapocalypse Now
2015,363490,Escape Machines
2015,349670,Solar System Conflict
2015,357330,Space Beast Terror Fright
2015,314530,Aware
2015,350220,Dead Sea
2015,308520,Minimon
2015,342870,Corona MotorSport
2015,352430,Farlight Explorers
2015,326460,ShellShock Live
2015,335850,After Reset RPG
2015,305460,FranknJohn
2015,307880,Savage Lands
2015,339540,Artizens
2015,347050,Vol'Talkes - The AI War
2015,333950,Medieval Engineers
2015,284910,Purgatory: War of the Damned
2015,285920,TerraTech
2015,340210,Predestination
2015,305660,Infect and Destroy
2015,340440,Grand Class Melee 2
2015,259570,EDEN STAR
2015,346010,Besiege
2015,327640,CaesarIA
2015,335940,Mech Marines: Steel March
2015,332500,GRAV
2015,305940,Project AURA
2018,339820,Starwalker
2014,338840,Hollow's Land
2014,333380,SilverQuest: Gaiden
2014,297470,Xsyon - Prelude
2014,322300,The Repopulation
2014,323220,Vagante
2014,244770,StarMade
2014,325470,1953: NATO vs Warsaw Pact
2014,335210,Rift's Cave
2014,314300,CubeZ
2014,324080,Rising World
2014,332150,LEVEL UP!
2014,325210,Eternal Winter
2014,269530,Voice of Pripyat
2014,325420,Homebrew - Vehicle Sandbox
2014,324510,Boundless
2014,312310,Ensign-1
2014,305960,Dragon: The Game
2014,318100,AXYOS
2014,328080,Rise to Ruins
2017,274620,Skara - The Blade Remains
2014,321980,Hardland
2014,329310,Tile Miner
2014,315070,Blob From Space
2014,327860,Salt
2014,282680,Warring States
2014,321830,Cavern Kings
2014,266430,Anarchy Arcade
2014,269590,Claustrophobia: The Downward Struggle
2014,285580,ACE - Arena: Cyber Evolution
2014,290810,Colossal Kaiju Combat™: Kaijuland Battles
2014,268650,From the Depths
2014,246880,Recruits
2014,312210,The Fifth Day
2014,311980,Isomer
2014,312150,Wild Warfare
2014,311800,Black Ice
2014,299420,CubeGun
2014,291250,Jumpdrive
2014,268930,Malevolence: The Sword of Ahkranox
2014,283100,Colonies Online
2014,264440,Children of Liberty
2014,278120,The Humans (DLC)
2014,277930,TUG
2014,269350,Montas
2014,257930,Race To Mars
2014,284070,Dethroned! - Future Heroes Supporter Pack
2014,259450,Drifter
2014,263200,Signs of Life
2014,269610,Arcane Worlds
2014,261350,Steam Bandits: Outpost
2014,228380,Next Car Game: Wreckfest
2013,221100,DayZ
2013,252490,Rust
2013,247310,Gravi
2012,246300,Paranormal
2013,236370,Interstellar Marines
2012,206500,AirMech Strike
2017,581910,Iron Armada
2017,765240,Daydream
2018,553940,Bartigo
2017,610730,The Chosen Warriors
2017,596740,Origin Space
2017,749540,Wild Wolf
2017,747850,Warm Village 暖暖村物语
2017,766600,Amazing Human
2017,470310,Troubleshooter
2017,727460,Magic Tower
2017,748110,Kitten Madness
2017,667590,Fjord battle racing
2018,756380,Super Bugman Extreme Ultra
2018,719590,Mesozoica
2018,769600,Rheksetor: Waves of Fury
2018,765180,SCP-087: Recovered document
2018,524350,TileDynasty FPS Arena
2018,763320,BlockShip Wars: Roguelike
2018,772180,Cricket Club
